Date 	series 	OPEN 	HIGH 	LOW 	PREV. CLOSE 	ltp 	close 	vwap 	52W H 	52W L 	VOLUME 	VALUE 	No of trades 
03-Dec-24	EQ	"2,464.00"	"2,558.00"	"2,462.05"	"2,457.05"	"2,511.00"	"2,514.20"	"2,510.57"	"3,743.90"	"2,025.00"	"40,70,042"	"10,21,81,12,745.45"	"1,60,160"
02-Dec-24	EQ	"2,491.35"	"2,508.00"	"2,426.60"	"2,463.15"	"2,452.10"	"2,457.05"	"2,456.14"	"3,743.90"	"2,025.00"	"38,07,565"	"9,35,19,20,237.75"	"1,54,130"
29-Nov-24	EQ	"2,464.05"	"2,520.00"	"2,400.00"	"2,437.10"	"2,457.00"	"2,463.15"	"2,460.36"	"3,743.90"	"2,025.00"	"81,91,680"	"20,15,44,78,534.95"	"3,15,730"
28-Nov-24	EQ	"2,440.00"	"2,526.30"	"2,400.00"	"2,397.80"	"2,437.00"	"2,437.10"	"2,467.73"	"3,743.90"	"2,025.00"	"1,44,45,549"	"35,64,76,47,294.05"	"5,90,705"
27-Nov-24	EQ	"2,180.00"	"2,418.00"	"2,142.15"	"2,150.50"	"2,399.00"	"2,397.80"	"2,324.71"	"3,743.90"	"2,025.00"	"1,75,02,156"	"40,68,75,07,250.30"	"6,20,492"
26-Nov-24	EQ	"2,265.60"	"2,292.85"	"2,136.00"	"2,257.50"	"2,166.85"	"2,150.50"	"2,189.62"	"3,743.90"	"2,025.00"	"77,23,187"	"16,91,08,52,564.55"	"3,16,539"
25-Nov-24	EQ	"2,315.00"	"2,333.65"	"2,238.00"	"2,228.00"	"2,265.20"	"2,257.50"	"2,295.02"	"3,743.90"	"2,025.00"	"74,66,733"	"17,13,63,26,445.75"	"2,52,789"
22-Nov-24	EQ	"2,101.00"	"2,289.70"	"2,025.00"	"2,183.65"	"2,229.90"	"2,228.00"	"2,188.51"	"3,743.90"	"2,025.00"	"2,09,39,196"	"45,82,55,77,129.80"	"7,11,465"
21-Nov-24	EQ	"2,539.35"	"2,539.35"	"2,155.05"	"2,821.50"	"2,160.00"	"2,183.65"	"2,254.30"	"3,743.90"	"2,142.00"	"2,17,96,668"	"49,13,62,35,919.80"	"7,92,663"
19-Nov-24	EQ	"2,831.00"	"2,894.80"	"2,809.80"	"2,818.70"	"2,817.00"	"2,821.50"	"2,858.60"	"3,743.90"	"2,142.00"	"5,36,296"	"1,53,30,55,140.35"	"44,585"
18-Nov-24	EQ	"2,826.80"	"2,858.65"	"2,793.30"	"2,826.80"	"2,820.00"	"2,818.70"	"2,825.41"	"3,743.90"	"2,142.00"	"4,89,692"	"1,38,35,79,147.35"	"42,870"
14-Nov-24	EQ	"2,824.00"	"2,844.80"	"2,801.00"	"2,816.70"	"2,820.00"	"2,826.80"	"2,823.39"	"3,743.90"	"2,142.00"	"6,46,797"	"1,82,61,62,603.30"	"66,067"
13-Nov-24	EQ	"2,860.00"	"2,889.00"	"2,808.00"	"2,870.00"	"2,817.00"	"2,816.70"	"2,840.32"	"3,743.90"	"2,142.00"	"8,90,146"	"2,52,83,02,994.40"	"67,503"
12-Nov-24	EQ	"2,910.00"	"2,930.45"	"2,855.00"	"2,903.65"	"2,860.00"	"2,870.00"	"2,895.50"	"3,743.90"	"2,142.00"	"5,97,231"	"1,72,92,82,684.85"	"53,386"
11-Nov-24	EQ	"2,928.00"	"2,946.80"	"2,888.00"	"2,929.10"	"2,903.00"	"2,903.65"	"2,915.81"	"3,743.90"	"2,142.00"	"5,84,144"	"1,70,32,52,458.10"	"44,808"
08-Nov-24	EQ	"2,965.10"	"2,995.00"	"2,911.25"	"2,970.10"	"2,920.00"	"2,929.10"	"2,947.35"	"3,743.90"	"2,142.00"	"8,35,641"	"2,46,29,24,364.35"	"49,840"
07-Nov-24	EQ	"3,045.00"	"3,045.00"	"2,943.05"	"3,046.25"	"2,962.65"	"2,970.10"	"2,968.25"	"3,743.90"	"2,142.00"	"12,85,585"	"3,81,59,33,591.20"	"84,570"
06-Nov-24	EQ	"2,918.00"	"3,070.00"	"2,918.00"	"2,915.55"	"3,046.25"	"3,046.25"	"3,010.70"	"3,743.90"	"2,142.00"	"16,76,755"	"5,04,82,06,527.55"	"99,615"
05-Nov-24	EQ	"2,897.40"	"2,924.00"	"2,870.00"	"2,897.40"	"2,917.55"	"2,915.55"	"2,898.85"	"3,743.90"	"2,142.00"	"7,52,303"	"2,18,08,14,160.90"	"59,721"
04-Nov-24	EQ	"2,935.00"	"2,943.00"	"2,857.75"	"2,949.50"	"2,890.00"	"2,897.40"	"2,895.82"	"3,743.90"	"2,142.00"	"10,59,384"	"3,06,77,82,789.65"	"87,457"
01-Nov-24	EQ	"2,960.00"	"2,975.60"	"2,928.40"	"2,947.25"	"2,941.05"	"2,949.50"	"2,957.08"	"3,743.90"	"2,142.00"	"3,04,673"	"90,09,41,095.70"	"13,462"
31-Oct-24	EQ	"2,967.90"	"2,976.50"	"2,933.85"	"2,969.30"	"2,948.95"	"2,947.25"	"2,950.81"	"3,743.90"	"2,142.00"	"11,56,390"	"3,41,22,92,323.30"	"82,267"
30-Oct-24	EQ	"2,864.00"	"2,997.15"	"2,815.05"	"2,848.60"	"2,955.00"	"2,969.30"	"2,944.04"	"3,743.90"	"2,142.00"	"28,84,272"	"8,49,14,07,655.95"	"1,45,520"
29-Oct-24	EQ	"2,803.00"	"2,863.05"	"2,732.85"	"2,798.65"	"2,842.00"	"2,848.60"	"2,808.68"	"3,743.90"	"2,142.00"	"15,29,844"	"4,29,68,44,785.40"	"1,00,647"
28-Oct-24	EQ	"2,701.10"	"2,822.40"	"2,672.10"	"2,693.45"	"2,803.00"	"2,798.65"	"2,777.60"	"3,743.90"	"2,142.00"	"13,85,033"	"3,84,70,73,277.65"	"89,897"
25-Oct-24	EQ	"2,845.00"	"2,847.00"	"2,654.70"	"2,830.20"	"2,691.50"	"2,693.45"	"2,716.52"	"3,743.90"	"2,142.00"	"19,54,174"	"5,30,85,47,546.20"	"1,25,219"
24-Oct-24	EQ	"2,841.05"	"2,875.15"	"2,807.90"	"2,835.55"	"2,828.15"	"2,830.20"	"2,837.19"	"3,743.90"	"2,142.00"	"9,42,066"	"2,67,28,24,868.15"	"63,401"
23-Oct-24	EQ	"2,840.85"	"2,879.00"	"2,820.10"	"2,823.80"	"2,829.90"	"2,835.55"	"2,850.63"	"3,743.90"	"2,142.00"	"12,70,530"	"3,62,18,06,256.25"	"74,396"
22-Oct-24	EQ	"2,938.00"	"2,955.00"	"2,818.00"	"2,937.65"	"2,840.90"	"2,823.80"	"2,860.67"	"3,743.90"	"2,142.00"	"12,09,732"	"3,46,06,43,283.00"	"99,927"
21-Oct-24	EQ	"3,005.15"	"3,014.95"	"2,916.95"	"3,002.00"	"2,932.00"	"2,937.65"	"2,949.20"	"3,743.90"	"2,142.00"	"10,51,690"	"3,10,16,43,813.50"	"69,473"
18-Oct-24	EQ	"2,990.00"	"3,031.70"	"2,968.10"	"3,013.75"	"2,999.95"	"3,002.00"	"3,001.38"	"3,743.90"	"2,142.00"	"7,96,339"	"2,39,01,16,580.35"	"47,617"
17-Oct-24	EQ	"3,089.95"	"3,100.00"	"2,993.00"	"3,085.90"	"3,005.00"	"3,013.75"	"3,032.31"	"3,743.90"	"2,142.00"	"26,55,289"	"8,05,16,50,401.60"	"68,030"
16-Oct-24	EQ	"3,098.00"	"3,115.40"	"3,061.00"	"3,104.70"	"3,078.00"	"3,085.90"	"3,089.06"	"3,743.90"	"2,142.00"	"5,43,476"	"1,67,88,28,085.90"	"44,391"
15-Oct-24	EQ	"3,124.00"	"3,128.00"	"3,091.50"	"3,101.10"	"3,103.25"	"3,104.70"	"3,107.21"	"3,743.90"	"2,142.00"	"3,71,613"	"1,15,46,79,471.05"	"35,471"
14-Oct-24	EQ	"3,145.00"	"3,150.10"	"3,092.85"	"3,137.20"	"3,098.85"	"3,101.10"	"3,120.61"	"3,743.90"	"2,142.00"	"4,37,728"	"1,36,59,78,649.80"	"34,403"
11-Oct-24	EQ	"3,174.20"	"3,190.00"	"3,116.00"	"3,174.20"	"3,129.95"	"3,137.20"	"3,149.22"	"3,743.90"	"2,142.00"	"10,35,260"	"3,26,02,61,307.65"	"72,560"
10-Oct-24	EQ	"3,140.00"	"3,211.00"	"3,056.10"	"3,153.75"	"3,194.80"	"3,174.20"	"3,120.45"	"3,743.90"	"2,142.00"	"29,05,725"	"9,06,71,60,403.25"	"1,51,256"
09-Oct-24	EQ	"3,175.00"	"3,179.95"	"3,134.40"	"3,160.70"	"3,152.40"	"3,153.75"	"3,155.44"	"3,743.90"	"2,142.00"	"8,97,335"	"2,83,14,87,771.15"	"60,904"
08-Oct-24	EQ	"3,018.50"	"3,170.00"	"2,994.85"	"3,018.00"	"3,166.95"	"3,160.70"	"3,110.96"	"3,743.90"	"2,142.00"	"17,76,511"	"5,52,66,53,927.85"	"98,514"
07-Oct-24	EQ	"3,110.65"	"3,128.50"	"2,980.45"	"3,110.65"	"3,011.00"	"3,018.00"	"3,029.34"	"3,743.90"	"2,142.00"	"17,43,454"	"5,28,15,20,091.15"	"99,490"
04-Oct-24	EQ	"3,119.90"	"3,149.50"	"3,070.00"	"3,116.00"	"3,110.00"	"3,110.65"	"3,110.13"	"3,743.90"	"2,142.00"	"9,87,583"	"3,07,15,15,058.50"	"58,703"
03-Oct-24	EQ	"3,150.00"	"3,196.35"	"3,084.10"	"3,186.10"	"3,116.70"	"3,116.00"	"3,130.54"	"3,743.90"	"2,142.00"	"13,09,703"	"4,10,00,82,235.90"	"83,884"
01-Oct-24	EQ	"3,136.30"	"3,192.00"	"3,107.00"	"3,135.85"	"3,183.00"	"3,186.10"	"3,156.94"	"3,743.90"	"2,142.00"	"13,67,116"	"4,31,59,05,628.80"	"66,641"
30-Sep-24	EQ	"3,129.00"	"3,209.90"	"3,120.40"	"3,130.30"	"3,131.00"	"3,135.85"	"3,158.97"	"3,743.90"	"2,142.00"	"16,07,429"	"5,07,78,13,498.35"	"92,240"
27-Sep-24	EQ	"3,122.00"	"3,179.00"	"3,116.00"	"3,122.65"	"3,137.65"	"3,130.30"	"3,134.82"	"3,743.90"	"2,142.00"	"22,97,441"	"7,20,20,70,990.95"	"83,714"
26-Sep-24	EQ	"3,085.00"	"3,148.00"	"3,085.00"	"3,105.10"	"3,115.00"	"3,122.65"	"3,117.31"	"3,743.90"	"2,142.00"	"15,48,019"	"4,82,56,55,929.40"	"83,624"
25-Sep-24	EQ	"3,108.00"	"3,123.90"	"3,080.20"	"3,093.90"	"3,101.05"	"3,105.10"	"3,100.01"	"3,743.90"	"2,142.00"	"9,13,008"	"2,83,03,30,764.10"	"57,019"
24-Sep-24	EQ	"3,055.00"	"3,101.00"	"3,040.25"	"3,043.95"	"3,100.45"	"3,093.90"	"3,072.82"	"3,743.90"	"2,142.00"	"10,21,918"	"3,14,01,74,328.15"	"53,383"
23-Sep-24	EQ	"3,020.00"	"3,070.00"	"3,015.25"	"3,008.50"	"3,035.00"	"3,043.95"	"3,046.70"	"3,743.90"	"2,142.00"	"8,97,314"	"2,73,38,47,597.00"	"66,944"
20-Sep-24	EQ	"2,948.15"	"3,025.00"	"2,942.05"	"2,943.15"	"3,005.80"	"3,008.50"	"3,000.83"	"3,743.90"	"2,142.00"	"17,87,210"	"5,36,31,10,702.50"	"76,536"
19-Sep-24	EQ	"2,975.05"	"2,975.25"	"2,890.35"	"2,956.30"	"2,941.00"	"2,943.15"	"2,930.13"	"3,743.90"	"2,142.00"	"16,55,401"	"4,85,05,32,175.85"	"79,202"
18-Sep-24	EQ	"2,976.00"	"2,984.75"	"2,935.00"	"2,975.20"	"2,957.00"	"2,956.30"	"2,959.83"	"3,743.90"	"2,142.00"	"8,31,891"	"2,46,22,53,271.00"	"37,955"
17-Sep-24	EQ	"2,990.05"	"2,995.90"	"2,952.50"	"2,984.90"	"2,975.00"	"2,975.20"	"2,971.05"	"3,743.90"	"2,142.00"	"6,98,700"	"2,07,58,70,221.65"	"44,150"
16-Sep-24	EQ	"2,972.00"	"3,026.40"	"2,972.00"	"2,968.35"	"2,982.00"	"2,984.90"	"3,000.63"	"3,743.90"	"2,142.00"	"6,95,162"	"2,08,59,23,615.00"	"44,149"
13-Sep-24	EQ	"2,972.00"	"3,001.95"	"2,956.05"	"2,991.00"	"2,965.35"	"2,968.35"	"2,974.23"	"3,743.90"	"2,142.00"	"8,15,948"	"2,42,68,19,628.05"	"46,440"
12-Sep-24	EQ	"2,950.00"	"3,000.00"	"2,917.15"	"2,937.85"	"2,980.90"	"2,991.00"	"2,962.52"	"3,743.90"	"2,142.00"	"13,14,173"	"3,89,32,61,252.90"	"89,512"
11-Sep-24	EQ	"2,985.00"	"2,992.95"	"2,928.00"	"2,986.40"	"2,940.00"	"2,937.85"	"2,958.05"	"3,743.90"	"2,142.00"	"8,88,628"	"2,62,86,02,980.45"	"54,027"
10-Sep-24	EQ	"2,971.60"	"3,007.40"	"2,947.60"	"2,964.15"	"2,986.00"	"2,986.40"	"2,975.72"	"3,743.90"	"2,142.00"	"8,03,782"	"2,39,18,33,600.30"	"55,050"
09-Sep-24	EQ	"2,972.10"	"2,972.50"	"2,927.30"	"2,975.45"	"2,968.00"	"2,964.15"	"2,953.73"	"3,743.90"	"2,142.00"	"15,23,581"	"4,50,02,53,379.55"	"75,178"
06-Sep-24	EQ	"3,019.00"	"3,025.00"	"2,968.00"	"3,015.35"	"2,972.10"	"2,975.45"	"2,990.04"	"3,743.90"	"2,142.00"	"12,51,165"	"3,74,10,32,752.50"	"75,683"
05-Sep-24	EQ	"3,025.00"	"3,037.90"	"3,002.00"	"3,012.35"	"3,012.00"	"3,015.35"	"3,015.88"	"3,743.90"	"2,142.00"	"7,34,273"	"2,21,44,82,305.45"	"45,054"
04-Sep-24	EQ	"3,010.00"	"3,025.00"	"2,955.20"	"3,036.10"	"3,013.50"	"3,012.35"	"3,005.91"	"3,743.90"	"2,142.00"	"12,12,270"	"3,64,39,70,198.90"	"51,072"
03-Sep-24	EQ	"3,037.00"	"3,053.05"	"3,023.80"	"3,042.15"	"3,035.95"	"3,036.10"	"3,036.89"	"3,743.90"	"2,142.00"	"13,71,577"	"4,16,53,31,937.70"	"43,530"
02-Sep-24	EQ	"3,021.10"	"3,059.15"	"2,997.60"	"3,019.35"	"3,039.00"	"3,042.15"	"3,025.26"	"3,743.90"	"2,142.00"	"18,42,658"	"5,57,45,22,547.20"	"73,749"
30-Aug-24	EQ	"3,030.00"	"3,038.55"	"3,003.30"	"3,020.15"	"3,033.00"	"3,019.35"	"3,019.69"	"3,743.90"	"2,142.00"	"35,09,174"	"10,59,66,22,023.00"	"77,468"
29-Aug-24	EQ	"3,030.00"	"3,041.95"	"2,981.30"	"3,028.00"	"3,022.00"	"3,020.15"	"3,007.33"	"3,743.90"	"2,142.00"	"18,53,966"	"5,57,54,88,281.30"	"1,00,949"
28-Aug-24	EQ	"3,078.00"	"3,078.00"	"3,022.10"	"3,067.10"	"3,028.00"	"3,028.00"	"3,041.32"	"3,743.90"	"2,142.00"	"15,69,652"	"4,77,38,06,258.80"	"62,349"
27-Aug-24	EQ	"3,072.20"	"3,095.75"	"3,064.00"	"3,069.00"	"3,067.00"	"3,067.10"	"3,078.59"	"3,743.90"	"2,142.00"	"13,10,440"	"4,03,43,10,722.25"	"43,632"
26-Aug-24	EQ	"3,088.00"	"3,090.00"	"3,055.00"	"3,076.35"	"3,069.80"	"3,069.00"	"3,069.89"	"3,743.90"	"2,142.00"	"16,32,446"	"5,01,14,31,416.40"	"73,150"
23-Aug-24	EQ	"3,101.00"	"3,123.00"	"3,067.60"	"3,099.05"	"3,079.45"	"3,076.35"	"3,088.57"	"3,743.90"	"2,142.00"	"13,75,224"	"4,24,74,69,323.35"	"61,780"
22-Aug-24	EQ	"3,130.75"	"3,150.00"	"3,091.00"	"3,115.70"	"3,099.55"	"3,099.05"	"3,122.80"	"3,743.90"	"2,142.00"	"13,78,912"	"4,30,60,61,295.45"	"53,089"
21-Aug-24	EQ	"3,070.65"	"3,153.30"	"3,068.40"	"3,070.65"	"3,117.00"	"3,115.70"	"3,110.53"	"3,743.90"	"2,142.00"	"13,79,240"	"4,29,01,66,315.45"	"56,394"
20-Aug-24	EQ	"3,118.95"	"3,126.00"	"3,058.85"	"3,102.55"	"3,071.00"	"3,070.65"	"3,084.66"	"3,743.90"	"2,142.00"	"6,62,263"	"2,04,28,56,651.95"	"42,615"
19-Aug-24	EQ	"3,122.05"	"3,134.30"	"3,092.95"	"3,108.80"	"3,107.00"	"3,102.55"	"3,113.97"	"3,743.90"	"2,142.00"	"5,57,265"	"1,73,53,04,543.20"	"35,313"
16-Aug-24	EQ	"3,070.00"	"3,121.60"	"3,039.35"	"3,040.10"	"3,109.00"	"3,108.80"	"3,079.35"	"3,743.90"	"2,142.00"	"9,70,067"	"2,98,71,71,671.05"	"54,922"
14-Aug-24	EQ	"3,085.70"	"3,085.70"	"3,027.75"	"3,092.20"	"3,036.25"	"3,040.10"	"3,051.52"	"3,743.90"	"2,142.00"	"12,32,383"	"3,76,06,40,089.45"	"70,048"
13-Aug-24	EQ	"3,170.05"	"3,178.10"	"3,081.75"	"3,151.75"	"3,085.70"	"3,092.20"	"3,120.80"	"3,743.90"	"2,142.00"	"21,92,588"	"6,84,26,34,919.75"	"89,159"
12-Aug-24	EQ	"3,100.00"	"3,169.85"	"3,014.00"	"3,187.55"	"3,140.90"	"3,151.75"	"3,101.13"	"3,743.90"	"2,142.00"	"1,03,07,245"	"31,96,41,38,144.90"	"3,68,244"
09-Aug-24	EQ	"3,209.00"	"3,219.30"	"3,171.05"	"3,167.55"	"3,186.50"	"3,187.55"	"3,193.28"	"3,743.90"	"2,142.00"	"7,60,165"	"2,42,74,22,875.50"	"43,358"
08-Aug-24	EQ	"3,190.55"	"3,242.65"	"3,156.55"	"3,185.95"	"3,172.55"	"3,167.55"	"3,194.74"	"3,743.90"	"2,142.00"	"21,39,376"	"6,83,47,51,356.50"	"1,07,274"
07-Aug-24	EQ	"3,118.00"	"3,190.00"	"3,112.00"	"3,072.70"	"3,186.45"	"3,185.95"	"3,163.01"	"3,743.90"	"2,142.00"	"18,68,169"	"5,90,90,30,045.95"	"74,727"
06-Aug-24	EQ	"3,084.00"	"3,142.80"	"3,057.25"	"3,038.20"	"3,078.25"	"3,072.70"	"3,108.00"	"3,743.90"	"2,142.00"	"21,25,201"	"6,60,51,15,019.85"	"1,24,189"
05-Aug-24	EQ	"3,085.00"	"3,133.05"	"2,996.30"	"3,160.90"	"3,024.00"	"3,038.20"	"3,062.45"	"3,743.90"	"2,142.00"	"22,38,921"	"6,85,65,87,918.85"	"1,39,819"
02-Aug-24	EQ	"3,200.00"	"3,215.00"	"3,111.00"	"3,217.25"	"3,161.40"	"3,160.90"	"3,174.06"	"3,743.90"	"2,142.00"	"33,60,209"	"10,66,55,13,275.40"	"1,49,926"
01-Aug-24	EQ	"3,180.00"	"3,258.00"	"3,151.70"	"3,169.40"	"3,225.10"	"3,217.25"	"3,212.46"	"3,743.90"	"2,142.00"	"61,49,883"	"19,75,62,22,591.20"	"2,34,840"
31-Jul-24	EQ	"3,141.00"	"3,197.50"	"3,135.00"	"3,128.75"	"3,168.00"	"3,169.40"	"3,171.25"	"3,743.90"	"2,142.00"	"24,14,005"	"7,65,54,20,169.35"	"1,13,298"
30-Jul-24	EQ	"3,092.00"	"3,155.00"	"3,066.65"	"3,089.35"	"3,133.00"	"3,128.75"	"3,120.89"	"3,743.90"	"2,142.00"	"16,47,048"	"5,14,02,61,264.10"	"98,232"
29-Jul-24	EQ	"3,094.30"	"3,120.35"	"3,074.00"	"3,080.50"	"3,088.40"	"3,089.35"	"3,097.85"	"3,743.90"	"2,142.00"	"10,37,474"	"3,21,39,35,332.10"	"68,832"
26-Jul-24	EQ	"2,995.00"	"3,109.00"	"2,988.10"	"2,973.50"	"3,072.25"	"3,080.50"	"3,066.52"	"3,743.90"	"2,142.00"	"19,42,427"	"5,95,64,90,441.70"	"1,11,808"
25-Jul-24	EQ	"2,960.70"	"3,017.65"	"2,945.10"	"2,970.70"	"2,995.00"	"2,973.50"	"2,980.02"	"3,743.90"	"2,142.00"	"11,05,721"	"3,29,50,71,825.30"	"75,405"
24-Jul-24	EQ	"2,995.35"	"3,007.50"	"2,959.30"	"2,995.35"	"2,968.80"	"2,970.70"	"2,980.98"	"3,743.90"	"2,142.00"	"6,93,702"	"2,06,79,11,056.30"	"54,185"
23-Jul-24	EQ	"3,020.00"	"3,038.00"	"2,886.35"	"3,000.85"	"2,999.40"	"2,995.35"	"2,989.95"	"3,743.90"	"2,142.00"	"14,43,331"	"4,31,54,94,351.30"	"1,03,491"
22-Jul-24	EQ	"3,005.70"	"3,026.90"	"2,972.15"	"3,005.70"	"3,000.00"	"3,000.85"	"3,002.66"	"3,743.90"	"2,142.00"	"6,62,085"	"1,98,80,13,002.45"	"50,675"
19-Jul-24	EQ	"3,092.00"	"3,094.50"	"3,000.00"	"3,092.20"	"3,007.95"	"3,005.70"	"3,033.24"	"3,743.90"	"2,142.00"	"10,26,941"	"3,11,49,56,135.35"	"68,966"
18-Jul-24	EQ	"3,106.00"	"3,111.00"	"3,057.15"	"3,109.30"	"3,090.00"	"3,092.20"	"3,083.68"	"3,743.90"	"2,142.00"	"10,21,653"	"3,15,04,50,900.40"	"80,772"
16-Jul-24	EQ	"3,110.00"	"3,137.75"	"3,096.10"	"3,090.40"	"3,106.50"	"3,109.30"	"3,115.88"	"3,743.90"	"2,142.00"	"9,88,357"	"3,07,96,03,432.30"	"60,074"
15-Jul-24	EQ	"3,066.10"	"3,103.50"	"3,058.35"	"3,065.45"	"3,091.00"	"3,090.40"	"3,081.16"	"3,743.90"	"2,142.00"	"7,24,174"	"2,23,12,95,323.25"	"44,784"
12-Jul-24	EQ	"3,090.00"	"3,098.80"	"3,058.35"	"3,078.30"	"3,066.00"	"3,065.45"	"3,075.05"	"3,743.90"	"2,142.00"	"7,56,036"	"2,32,48,51,552.85"	"51,794"
11-Jul-24	EQ	"3,118.70"	"3,129.80"	"3,074.10"	"3,096.00"	"3,087.00"	"3,078.30"	"3,097.76"	"3,743.90"	"2,142.00"	"8,99,781"	"2,78,73,01,793.45"	"85,332"
10-Jul-24	EQ	"3,120.10"	"3,127.25"	"3,063.40"	"3,110.75"	"3,093.90"	"3,096.00"	"3,097.88"	"3,743.90"	"2,142.00"	"5,86,710"	"1,81,75,56,522.45"	"44,240"
09-Jul-24	EQ	"3,115.95"	"3,158.00"	"3,100.50"	"3,113.60"	"3,112.00"	"3,110.75"	"3,125.40"	"3,743.90"	"2,142.00"	"9,22,403"	"2,88,28,81,547.45"	"57,330"
08-Jul-24	EQ	"3,147.90"	"3,158.20"	"3,075.00"	"3,147.90"	"3,112.00"	"3,113.60"	"3,104.41"	"3,743.90"	"2,142.00"	"11,55,112"	"3,58,59,41,290.20"	"84,099"
05-Jul-24	EQ	"3,143.90"	"3,158.55"	"3,123.95"	"3,144.25"	"3,146.15"	"3,147.90"	"3,143.96"	"3,743.90"	"2,142.00"	"6,63,988"	"2,08,75,49,223.60"	"42,349"
04-Jul-24	EQ	"3,192.00"	"3,194.45"	"3,138.05"	"3,190.95"	"3,143.90"	"3,144.25"	"3,156.24"	"3,743.90"	"2,142.00"	"10,55,391"	"3,33,10,71,411.90"	"72,430"
03-Jul-24	EQ	"3,158.00"	"3,194.55"	"3,147.75"	"3,153.20"	"3,185.00"	"3,190.95"	"3,170.61"	"3,743.90"	"2,142.00"	"11,52,522"	"3,65,41,96,666.50"	"56,436"
02-Jul-24	EQ	"3,179.85"	"3,207.80"	"3,131.05"	"3,183.80"	"3,150.00"	"3,153.20"	"3,169.46"	"3,743.90"	"2,142.00"	"14,90,844"	"4,72,51,65,851.20"	"93,900"
01-Jul-24	EQ	"3,179.95"	"3,193.15"	"3,157.55"	"3,177.15"	"3,180.00"	"3,183.80"	"3,175.58"	"3,743.90"	"2,142.00"	"8,32,170"	"2,64,26,20,638.30"	"54,965"
28-Jun-24	EQ	"3,190.00"	"3,211.95"	"3,157.00"	"3,175.15"	"3,174.00"	"3,177.15"	"3,184.74"	"3,743.90"	"2,142.00"	"9,60,905"	"3,06,02,30,005.50"	"51,717"
27-Jun-24	EQ	"3,177.00"	"3,202.25"	"3,150.00"	"3,170.50"	"3,175.00"	"3,175.15"	"3,170.85"	"3,743.90"	"2,142.00"	"51,14,980"	"16,21,88,11,241.75"	"1,53,131"
26-Jun-24	EQ	"3,169.05"	"3,187.70"	"3,163.90"	"3,171.10"	"3,169.00"	"3,170.50"	"3,174.21"	"3,743.90"	"2,142.00"	"21,42,889"	"6,80,19,83,095.80"	"58,917"
25-Jun-24	EQ	"3,204.75"	"3,208.45"	"3,156.35"	"3,194.60"	"3,169.05"	"3,171.10"	"3,175.93"	"3,743.90"	"2,142.00"	"16,94,962"	"5,38,30,86,693.10"	"58,570"
24-Jun-24	EQ	"3,185.75"	"3,214.80"	"3,135.00"	"3,189.30"	"3,193.95"	"3,194.60"	"3,191.57"	"3,743.90"	"2,142.00"	"32,61,647"	"10,40,97,68,963.35"	"1,07,805"
21-Jun-24	EQ	"3,265.05"	"3,277.10"	"3,176.40"	"3,259.45"	"3,192.80"	"3,189.30"	"3,205.27"	"3,743.90"	"2,142.00"	"46,97,655"	"15,05,72,60,547.20"	"1,60,462"
20-Jun-24	EQ	"3,263.90"	"3,315.00"	"3,240.00"	"3,261.90"	"3,261.95"	"3,259.45"	"3,279.03"	"3,743.90"	"2,142.00"	"13,66,545"	"4,48,09,42,189.50"	"97,561"
19-Jun-24	EQ	"3,314.00"	"3,314.00"	"3,226.30"	"3,309.05"	"3,264.25"	"3,261.90"	"3,259.86"	"3,743.90"	"2,142.00"	"14,19,264"	"4,62,65,99,834.50"	"84,944"
18-Jun-24	EQ	"3,310.00"	"3,345.00"	"3,287.20"	"3,261.75"	"3,310.95"	"3,309.05"	"3,311.54"	"3,743.90"	"2,142.00"	"17,55,612"	"5,81,37,79,346.75"	"1,07,419"
14-Jun-24	EQ	"3,225.00"	"3,275.00"	"3,221.10"	"3,224.80"	"3,269.00"	"3,261.75"	"3,252.79"	"3,743.90"	"2,142.00"	"42,24,855"	"13,74,25,75,345.95"	"98,091"
13-Jun-24	EQ	"3,230.00"	"3,254.00"	"3,207.25"	"3,219.05"	"3,222.25"	"3,224.80"	"3,221.11"	"3,743.90"	"2,142.00"	"32,02,978"	"10,31,71,33,491.70"	"96,083"
12-Jun-24	EQ	"3,224.90"	"3,245.00"	"3,208.00"	"3,221.25"	"3,209.00"	"3,219.05"	"3,226.61"	"3,743.90"	"2,142.00"	"30,22,477"	"9,75,23,55,044.00"	"74,328"
11-Jun-24	EQ	"3,224.00"	"3,265.00"	"3,195.05"	"3,220.10"	"3,215.00"	"3,221.25"	"3,235.16"	"3,743.90"	"2,142.00"	"41,73,692"	"13,50,25,65,941.05"	"1,21,200"
10-Jun-24	EQ	"3,267.00"	"3,284.40"	"3,205.50"	"3,219.55"	"3,212.30"	"3,220.10"	"3,247.80"	"3,743.90"	"2,142.00"	"49,35,698"	"16,03,01,74,654.60"	"1,52,562"
07-Jun-24	EQ	"3,170.40"	"3,233.75"	"3,151.60"	"3,185.65"	"3,222.50"	"3,219.55"	"3,207.35"	"3,743.90"	"2,142.00"	"47,40,455"	"15,20,43,07,672.25"	"1,46,457"
06-Jun-24	EQ	"3,184.00"	"3,222.40"	"3,137.15"	"3,115.35"	"3,181.60"	"3,185.65"	"3,186.26"	"3,743.90"	"2,142.00"	"58,73,271"	"18,71,37,84,941.80"	"2,78,600"
05-Jun-24	EQ	"3,030.00"	"3,150.00"	"2,750.00"	"2,941.25"	"3,093.00"	"3,115.35"	"2,958.33"	"3,743.90"	"2,142.00"	"87,78,345"	"25,96,92,15,655.60"	"6,12,958"
04-Jun-24	EQ	"3,520.00"	"3,520.00"	"2,733.95"	"3,645.25"	"2,950.00"	"2,941.25"	"3,136.46"	"3,743.90"	"2,142.00"	"2,03,06,909"	"63,69,18,14,268.95"	"8,48,267"
03-Jun-24	EQ	"3,725.00"	"3,743.90"	"3,586.05"	"3,411.35"	"3,660.10"	"3,645.25"	"3,659.12"	"3,743.90"	"2,142.00"	"85,11,359"	"31,14,40,98,467.80"	"4,14,787"
31-May-24	EQ	"3,225.25"	"3,434.45"	"3,225.25"	"3,194.25"	"3,416.00"	"3,411.35"	"3,359.45"	"3,457.85"	"2,142.00"	"63,84,589"	"21,44,86,93,814.45"	"2,90,001"
30-May-24	EQ	"3,254.00"	"3,274.30"	"3,174.50"	"3,258.80"	"3,209.90"	"3,194.25"	"3,219.99"	"3,457.85"	"2,142.00"	"19,90,208"	"6,40,84,54,413.45"	"1,12,565"
29-May-24	EQ	"3,250.00"	"3,322.90"	"3,212.00"	"3,244.05"	"3,255.00"	"3,258.80"	"3,270.30"	"3,457.85"	"2,142.00"	"19,10,729"	"6,24,86,51,475.65"	"98,310"
28-May-24	EQ	"3,309.65"	"3,329.50"	"3,229.05"	"3,289.05"	"3,239.00"	"3,244.05"	"3,282.72"	"3,457.85"	"2,142.00"	"16,21,168"	"5,32,18,41,029.35"	"95,508"
27-May-24	EQ	"3,358.00"	"3,358.00"	"3,267.05"	"3,384.95"	"3,295.05"	"3,289.05"	"3,307.40"	"3,457.85"	"2,142.00"	"25,82,485"	"8,54,13,06,058.00"	"1,40,021"
24-May-24	EQ	"3,406.00"	"3,457.85"	"3,355.60"	"3,387.30"	"3,381.00"	"3,384.95"	"3,409.34"	"3,457.85"	"1,983.40"	"34,73,668"	"11,84,29,11,664.85"	"1,79,402"
23-May-24	EQ	"3,156.70"	"3,406.00"	"3,135.55"	"3,140.95"	"3,398.20"	"3,387.30"	"3,302.83"	"3,406.00"	"1,983.40"	"69,79,082"	"23,05,07,29,208.95"	"3,27,015"
22-May-24	EQ	"3,129.95"	"3,145.00"	"3,073.50"	"3,117.50"	"3,137.00"	"3,140.95"	"3,121.08"	"3,350.00"	"1,983.40"	"33,71,077"	"10,52,14,07,989.95"	"95,242"
21-May-24	EQ	"3,067.90"	"3,175.00"	"3,034.50"	"3,059.75"	"3,110.00"	"3,117.50"	"3,123.72"	"3,350.00"	"1,983.40"	"30,91,659"	"9,65,74,85,170.60"	"1,35,865"
18-May-24	EQ	"3,074.00"	"3,074.00"	"3,055.00"	"3,060.50"	"3,061.00"	"3,059.75"	"3,064.28"	"3,350.00"	"1,857.75"	"74,336"	"22,77,86,473.25"	"5,248"
17-May-24	EQ	"3,041.05"	"3,091.00"	"3,015.50"	"3,041.65"	"3,057.00"	"3,060.50"	"3,053.08"	"3,350.00"	"1,857.75"	"8,25,436"	"2,52,01,25,368.65"	"74,283"
16-May-24	EQ	"3,065.00"	"3,076.95"	"2,974.95"	"3,049.75"	"3,034.05"	"3,041.65"	"3,022.05"	"3,350.00"	"1,857.75"	"18,35,312"	"5,54,63,98,277.35"	"1,44,012"
15-May-24	EQ	"3,046.75"	"3,118.85"	"3,037.60"	"3,037.55"	"3,047.00"	"3,049.75"	"3,074.65"	"3,350.00"	"1,857.75"	"16,88,836"	"5,19,25,83,624.45"	"93,983"
14-May-24	EQ	"2,894.95"	"3,046.00"	"2,874.55"	"2,879.60"	"3,035.00"	"3,037.55"	"2,995.85"	"3,350.00"	"1,857.75"	"57,25,807"	"17,15,36,65,502.90"	"1,96,967"
13-May-24	EQ	"2,803.00"	"2,890.00"	"2,790.50"	"2,797.25"	"2,888.85"	"2,879.60"	"2,839.27"	"3,350.00"	"1,857.75"	"37,84,373"	"10,74,48,38,041.40"	"1,15,926"
10-May-24	EQ	"2,794.95"	"2,809.00"	"2,760.45"	"2,766.65"	"2,803.90"	"2,797.25"	"2,791.48"	"3,350.00"	"1,857.75"	"23,54,794"	"6,57,33,68,242.40"	"79,999"
09-May-24	EQ	"2,864.80"	"2,883.65"	"2,756.00"	"2,860.55"	"2,765.00"	"2,766.65"	"2,814.22"	"3,350.00"	"1,857.75"	"14,85,510"	"4,18,05,48,928.95"	"1,16,557"
08-May-24	EQ	"2,850.00"	"2,890.90"	"2,820.00"	"2,835.95"	"2,862.00"	"2,860.55"	"2,860.65"	"3,350.00"	"1,857.75"	"9,51,411"	"2,72,16,50,623.40"	"57,225"
07-May-24	EQ	"2,889.95"	"2,905.35"	"2,822.00"	"2,874.65"	"2,839.00"	"2,835.95"	"2,857.91"	"3,350.00"	"1,857.75"	"12,62,311"	"3,60,75,75,910.50"	"73,865"
06-May-24	EQ	"2,993.25"	"3,000.20"	"2,850.00"	"2,993.25"	"2,872.00"	"2,874.65"	"2,890.39"	"3,350.00"	"1,857.75"	"23,77,944"	"6,87,31,81,126.10"	"1,26,554"
03-May-24	EQ	"3,030.00"	"3,045.00"	"2,975.10"	"3,039.60"	"2,990.00"	"2,993.25"	"3,007.11"	"3,350.00"	"1,785.35"	"14,72,168"	"4,42,69,76,478.70"	"93,663"
02-May-24	EQ	"3,071.95"	"3,119.85"	"3,015.05"	"3,054.70"	"3,029.00"	"3,039.60"	"3,065.29"	"3,350.00"	"1,785.35"	"22,19,085"	"6,80,21,49,701.55"	"1,69,345"
30-Apr-24	EQ	"3,094.00"	"3,108.45"	"3,045.00"	"3,081.20"	"3,052.50"	"3,054.70"	"3,074.15"	"3,350.00"	"1,785.35"	"8,04,552"	"2,47,33,12,213.75"	"50,263"
29-Apr-24	EQ	"3,110.00"	"3,110.50"	"3,051.50"	"3,080.40"	"3,080.00"	"3,081.20"	"3,079.00"	"3,350.00"	"1,785.35"	"6,48,544"	"1,99,68,68,646.30"	"51,392"
26-Apr-24	EQ	"3,119.90"	"3,129.90"	"3,066.05"	"3,115.25"	"3,089.00"	"3,080.40"	"3,090.20"	"3,350.00"	"1,775.80"	"6,62,764"	"2,04,80,70,862.50"	"51,695"
25-Apr-24	EQ	"3,050.00"	"3,120.90"	"3,025.65"	"3,043.55"	"3,115.00"	"3,115.25"	"3,078.50"	"3,350.00"	"1,775.80"	"15,15,529"	"4,66,55,50,155.30"	"1,03,832"
24-Apr-24	EQ	"3,071.95"	"3,087.85"	"3,040.00"	"3,065.10"	"3,042.90"	"3,043.55"	"3,066.42"	"3,350.00"	"1,775.80"	"6,05,917"	"1,85,79,95,179.50"	"36,665"
23-Apr-24	EQ	"3,059.00"	"3,091.00"	"3,043.10"	"3,063.35"	"3,058.00"	"3,065.10"	"3,066.74"	"3,350.00"	"1,775.80"	"16,54,272"	"5,07,32,27,670.15"	"61,219"
22-Apr-24	EQ	"3,053.00"	"3,077.50"	"3,025.00"	"3,026.95"	"3,072.25"	"3,063.35"	"3,050.24"	"3,350.00"	"1,775.80"	"9,93,929"	"3,03,17,26,638.60"	"51,253"
19-Apr-24	EQ	"3,000.00"	"3,057.05"	"2,962.50"	"3,019.30"	"3,032.00"	"3,026.95"	"3,020.56"	"3,350.00"	"1,775.80"	"17,27,317"	"5,21,74,64,090.25"	"91,721"
18-Apr-24	EQ	"3,125.15"	"3,145.00"	"3,008.30"	"3,106.40"	"3,035.00"	"3,019.30"	"3,095.25"	"3,350.00"	"1,775.80"	"17,03,646"	"5,27,32,14,333.20"	"1,06,820"
16-Apr-24	EQ	"3,101.00"	"3,149.20"	"3,100.00"	"3,147.45"	"3,108.00"	"3,106.40"	"3,119.45"	"3,350.00"	"1,775.80"	"11,34,184"	"3,53,80,30,814.20"	"48,602"
15-Apr-24	EQ	"3,150.00"	"3,180.30"	"3,103.20"	"3,209.90"	"3,149.95"	"3,147.45"	"3,143.46"	"3,350.00"	"1,775.80"	"10,35,378"	"3,25,46,71,241.05"	"73,457"
12-Apr-24	EQ	"3,210.00"	"3,247.50"	"3,205.30"	"3,242.00"	"3,215.00"	"3,209.90"	"3,221.01"	"3,350.00"	"1,760.60"	"7,05,173"	"2,27,13,68,817.95"	"40,387"
10-Apr-24	EQ	"3,200.00"	"3,254.60"	"3,192.50"	"3,198.45"	"3,245.00"	"3,242.00"	"3,231.43"	"3,350.00"	"1,760.60"	"14,41,138"	"4,65,69,32,148.25"	"55,670"
09-Apr-24	EQ	"3,240.70"	"3,251.00"	"3,185.00"	"3,224.55"	"3,202.60"	"3,198.45"	"3,214.28"	"3,350.00"	"1,760.60"	"8,33,679"	"2,67,96,74,649.95"	"38,430"
08-Apr-24	EQ	"3,240.95"	"3,243.50"	"3,197.20"	"3,224.80"	"3,236.00"	"3,224.55"	"3,216.90"	"3,350.00"	"1,760.60"	"5,77,440"	"1,85,75,68,319.50"	"37,073"
05-Apr-24	EQ	"3,211.10"	"3,234.00"	"3,178.95"	"3,210.80"	"3,217.90"	"3,224.80"	"3,215.34"	"3,350.00"	"1,671.55"	"7,55,607"	"2,42,95,32,121.50"	"37,497"
04-Apr-24	EQ	"3,250.00"	"3,273.00"	"3,201.70"	"3,233.45"	"3,220.00"	"3,210.80"	"3,234.57"	"3,350.00"	"1,671.55"	"14,03,826"	"4,54,07,71,025.65"	"99,323"
03-Apr-24	EQ	"3,250.00"	"3,260.15"	"3,222.00"	"3,268.75"	"3,238.00"	"3,233.45"	"3,238.76"	"3,350.00"	"1,671.55"	"11,53,109"	"3,73,46,40,011.85"	"55,622"
02-Apr-24	EQ	"3,258.95"	"3,285.00"	"3,240.00"	"3,252.10"	"3,267.35"	"3,268.75"	"3,259.76"	"3,350.00"	"1,671.55"	"8,68,829"	"2,83,21,69,851.80"	"55,071"
01-Apr-24	EQ	"3,230.20"	"3,291.80"	"3,207.85"	"3,197.10"	"3,255.20"	"3,252.10"	"3,247.41"	"3,350.00"	"1,671.55"	"12,92,646"	"4,19,77,48,362.70"	"71,000"
28-Mar-24	EQ	"3,134.00"	"3,237.00"	"3,096.75"	"3,122.10"	"3,197.00"	"3,197.10"	"3,178.72"	"3,350.00"	"1,573.00"	"23,27,053"	"7,39,70,54,019.95"	"1,41,506"
27-Mar-24	EQ	"3,115.00"	"3,138.45"	"3,106.25"	"3,109.95"	"3,124.25"	"3,122.10"	"3,122.82"	"3,350.00"	"1,573.00"	"9,00,231"	"2,81,12,59,467.70"	"66,957"
26-Mar-24	EQ	"3,100.50"	"3,171.95"	"3,089.10"	"3,107.70"	"3,112.00"	"3,109.95"	"3,130.27"	"3,350.00"	"1,573.00"	"9,37,103"	"2,93,33,89,321.75"	"66,405"
22-Mar-24	EQ	"3,066.55"	"3,128.95"	"3,048.05"	"3,066.50"	"3,103.00"	"3,107.70"	"3,095.08"	"3,350.00"	"1,573.00"	"9,51,557"	"2,94,51,44,032.25"	"63,264"
21-Mar-24	EQ	"3,089.55"	"3,107.10"	"3,059.60"	"3,051.45"	"3,071.65"	"3,066.50"	"3,080.51"	"3,350.00"	"1,573.00"	"11,75,751"	"3,62,19,07,779.40"	"67,248"
20-Mar-24	EQ	"3,075.00"	"3,083.20"	"3,021.10"	"3,052.70"	"3,050.10"	"3,051.45"	"3,046.55"	"3,350.00"	"1,573.00"	"9,66,481"	"2,94,44,32,546.60"	"64,232"
19-Mar-24	EQ	"3,126.00"	"3,164.80"	"3,041.85"	"3,111.75"	"3,055.90"	"3,052.70"	"3,093.78"	"3,350.00"	"1,573.00"	"14,60,452"	"4,51,83,20,848.55"	"92,875"
18-Mar-24	EQ	"3,050.10"	"3,124.00"	"2,976.05"	"3,132.20"	"3,110.00"	"3,111.75"	"3,053.40"	"3,350.00"	"1,573.00"	"30,42,515"	"9,29,00,11,236.80"	"1,59,589"
15-Mar-24	EQ	"3,111.00"	"3,143.40"	"3,061.25"	"3,087.45"	"3,125.00"	"3,132.20"	"3,108.38"	"3,350.00"	"1,573.00"	"21,99,094"	"6,83,56,27,396.35"	"1,20,251"
14-Mar-24	EQ	"2,927.45"	"3,101.20"	"2,880.00"	"2,906.20"	"3,085.00"	"3,087.45"	"3,033.64"	"3,350.00"	"1,573.00"	"37,59,100"	"11,40,37,63,726.10"	"2,46,625"
13-Mar-24	EQ	"3,125.00"	"3,138.05"	"2,850.15"	"3,122.50"	"2,909.80"	"2,906.20"	"2,950.44"	"3,350.00"	"1,573.00"	"34,07,040"	"10,05,22,56,475.10"	"2,37,808"
12-Mar-24	EQ	"3,207.35"	"3,222.70"	"3,111.00"	"3,207.35"	"3,122.90"	"3,122.50"	"3,156.27"	"3,350.00"	"1,573.00"	"11,99,487"	"3,78,59,08,989.05"	"86,164"
11-Mar-24	EQ	"3,241.20"	"3,259.00"	"3,200.00"	"3,226.55"	"3,210.00"	"3,207.35"	"3,229.54"	"3,350.00"	"1,573.00"	"7,38,851"	"2,38,61,51,544.55"	"48,887"
07-Mar-24	EQ	"3,240.00"	"3,262.00"	"3,220.00"	"3,233.95"	"3,229.00"	"3,226.55"	"3,240.29"	"3,350.00"	"1,573.00"	"8,56,328"	"2,77,47,47,690.85"	"52,628"
06-Mar-24	EQ	"3,323.00"	"3,323.00"	"3,183.15"	"3,310.20"	"3,238.00"	"3,233.95"	"3,226.77"	"3,350.00"	"1,573.00"	"19,35,203"	"6,24,44,61,431.90"	"1,11,432"
05-Mar-24	EQ	"3,325.30"	"3,334.00"	"3,295.05"	"3,317.15"	"3,328.00"	"3,310.20"	"3,314.16"	"3,350.00"	"1,573.00"	"11,90,416"	"3,94,52,24,169.30"	"68,687"
04-Mar-24	EQ	"3,335.00"	"3,350.00"	"3,310.05"	"3,333.25"	"3,320.95"	"3,317.15"	"3,325.35"	"3,350.00"	"1,573.00"	"10,61,244"	"3,52,90,12,588.20"	"59,907"
02-Mar-24	EQ	"3,332.00"	"3,348.70"	"3,321.50"	"3,318.75"	"3,332.50"	"3,333.25"	"3,333.12"	"3,348.70"	"1,103.75"	"1,19,511"	"39,83,43,988.75"	"9,160"
01-Mar-24	EQ	"3,309.85"	"3,346.00"	"3,281.80"	"3,285.40"	"3,321.50"	"3,318.75"	"3,314.26"	"3,346.00"	"1,103.75"	"11,61,067"	"3,84,80,76,358.25"	"64,364"
29-Feb-24	EQ	"3,220.05"	"3,304.75"	"3,205.35"	"3,219.00"	"3,299.90"	"3,285.40"	"3,260.07"	"3,344.00"	"1,103.75"	"13,52,988"	"4,41,08,31,106.00"	"95,429"
28-Feb-24	EQ	"3,309.20"	"3,318.80"	"3,207.50"	"3,302.30"	"3,218.90"	"3,219.00"	"3,252.19"	"3,344.00"	"1,103.75"	"13,58,879"	"4,41,93,38,030.60"	"98,070"
27-Feb-24	EQ	"3,339.00"	"3,340.00"	"3,273.00"	"3,327.75"	"3,296.00"	"3,302.30"	"3,306.04"	"3,344.00"	"1,103.75"	"11,25,570"	"3,72,11,77,336.10"	"65,439"
26-Feb-24	EQ	"3,272.00"	"3,344.00"	"3,263.00"	"3,273.30"	"3,328.00"	"3,327.75"	"3,318.26"	"3,344.00"	"1,103.75"	"16,95,378"	"5,62,57,07,089.65"	"1,04,868"
23-Feb-24	EQ	"3,263.05"	"3,319.95"	"3,225.10"	"3,263.05"	"3,273.05"	"3,273.30"	"3,281.89"	"3,319.95"	"1,103.75"	"19,75,035"	"6,48,18,55,202.20"	"84,335"
22-Feb-24	EQ	"3,239.00"	"3,274.00"	"3,210.50"	"3,223.20"	"3,261.30"	"3,263.05"	"3,236.68"	"3,308.60"	"1,103.75"	"11,38,722"	"3,68,56,76,235.05"	"88,963"
21-Feb-24	EQ	"3,238.00"	"3,300.00"	"3,205.00"	"3,228.60"	"3,226.95"	"3,223.20"	"3,258.00"	"3,308.60"	"1,103.75"	"16,57,021"	"5,39,85,71,886.00"	"1,05,900"
20-Feb-24	EQ	"3,267.00"	"3,269.80"	"3,210.15"	"3,258.80"	"3,235.00"	"3,228.60"	"3,238.23"	"3,308.60"	"1,103.75"	"14,67,630"	"4,75,25,17,820.15"	"61,717"
19-Feb-24	EQ	"3,240.00"	"3,308.60"	"3,235.80"	"3,223.60"	"3,265.00"	"3,258.80"	"3,275.82"	"3,308.60"	"1,103.75"	"17,79,444"	"5,82,91,41,012.10"	"87,952"
16-Feb-24	EQ	"3,214.00"	"3,252.30"	"3,192.65"	"3,193.80"	"3,223.20"	"3,223.60"	"3,221.58"	"3,277.95"	"1,103.75"	"21,93,673"	"7,06,71,00,536.90"	"84,990"
15-Feb-24	EQ	"3,219.85"	"3,252.75"	"3,184.05"	"3,207.20"	"3,190.40"	"3,193.80"	"3,214.66"	"3,277.95"	"1,103.75"	"20,35,204"	"6,54,24,84,814.65"	"90,530"
14-Feb-24	EQ	"3,184.00"	"3,255.25"	"3,169.85"	"3,178.45"	"3,202.00"	"3,207.20"	"3,212.71"	"3,277.95"	"1,103.75"	"17,41,264"	"5,59,41,82,379.70"	"1,01,676"
13-Feb-24	EQ	"3,180.00"	"3,194.00"	"3,092.05"	"3,169.75"	"3,180.00"	"3,178.45"	"3,142.91"	"3,277.95"	"1,103.75"	"12,25,207"	"3,85,07,09,760.90"	"73,578"
12-Feb-24	EQ	"3,229.00"	"3,241.95"	"3,160.00"	"3,215.20"	"3,166.00"	"3,169.75"	"3,193.32"	"3,277.95"	"1,103.75"	"10,83,138"	"3,45,88,03,688.00"	"64,420"
09-Feb-24	EQ	"3,184.45"	"3,224.95"	"3,121.20"	"3,168.60"	"3,215.00"	"3,215.20"	"3,182.28"	"3,277.95"	"1,103.75"	"15,72,789"	"5,00,50,53,690.50"	"92,034"
08-Feb-24	EQ	"3,245.60"	"3,245.60"	"3,146.10"	"3,229.85"	"3,179.00"	"3,168.60"	"3,186.56"	"3,277.95"	"1,103.75"	"16,79,004"	"5,35,02,39,514.35"	"1,26,898"
07-Feb-24	EQ	"3,220.05"	"3,277.95"	"3,210.00"	"3,203.75"	"3,233.00"	"3,229.85"	"3,242.51"	"3,277.95"	"1,103.75"	"20,95,911"	"6,79,60,02,063.65"	"1,22,378"
06-Feb-24	EQ	"3,183.90"	"3,228.20"	"3,160.00"	"3,173.45"	"3,200.65"	"3,203.75"	"3,197.81"	"3,236.95"	"1,103.75"	"20,78,891"	"6,64,79,05,451.95"	"1,48,672"
05-Feb-24	EQ	"3,170.00"	"3,229.40"	"3,151.45"	"3,157.45"	"3,175.25"	"3,173.45"	"3,192.80"	"3,236.95"	"1,103.75"	"21,91,195"	"6,99,60,49,793.70"	"1,32,489"
02-Feb-24	EQ	"3,184.95"	"3,208.50"	"3,140.00"	"3,153.50"	"3,157.00"	"3,157.45"	"3,173.20"	"3,236.95"	"1,017.45"	"27,08,695"	"8,59,52,21,638.95"	"1,23,968"
01-Feb-24	EQ	"3,156.90"	"3,236.95"	"3,083.05"	"3,142.00"	"3,154.85"	"3,153.50"	"3,162.65"	"3,236.95"	"1,017.45"	"46,86,595"	"14,82,20,76,397.20"	"2,11,723"
31-Jan-24	EQ	"3,092.75"	"3,151.70"	"3,072.40"	"3,091.10"	"3,138.00"	"3,142.00"	"3,116.94"	"3,199.00"	"1,017.45"	"26,71,051"	"8,32,55,10,841.40"	"1,15,716"
30-Jan-24	EQ	"3,081.00"	"3,129.90"	"3,020.90"	"3,064.65"	"3,096.00"	"3,091.10"	"3,090.43"	"3,199.00"	"1,017.45"	"31,15,506"	"9,62,82,39,019.20"	"1,52,019"
29-Jan-24	EQ	"2,929.00"	"3,092.70"	"2,923.05"	"2,893.60"	"3,061.00"	"3,064.65"	"3,044.27"	"3,199.00"	"1,017.45"	"44,02,976"	"13,40,38,37,889.00"	"2,76,784"
25-Jan-24	EQ	"2,903.45"	"2,926.35"	"2,804.40"	"2,903.45"	"2,903.00"	"2,893.60"	"2,860.14"	"3,508.00"	"1,017.45"	"26,01,969"	"7,44,19,88,265.30"	"1,35,262"
24-Jan-24	EQ	"2,901.00"	"2,929.10"	"2,871.25"	"2,896.55"	"2,908.00"	"2,903.45"	"2,891.63"	"3,508.00"	"1,017.45"	"58,07,940"	"16,79,44,41,913.65"	"1,60,772"
23-Jan-24	EQ	"3,014.95"	"3,014.95"	"2,885.50"	"2,987.90"	"2,900.35"	"2,896.55"	"2,945.88"	"3,508.00"	"1,017.45"	"18,27,002"	"5,38,21,24,760.65"	"1,01,673"
20-Jan-24	EQ	"2,930.00"	"3,015.85"	"2,890.50"	"2,915.65"	"2,987.85"	"2,987.90"	"2,939.51"	"3,739.95"	"1,017.45"	"18,78,793"	"5,52,27,30,668.25"	"83,748"
19-Jan-24	EQ	"2,945.35"	"2,949.45"	"2,903.05"	"2,918.90"	"2,915.30"	"2,915.65"	"2,926.36"	"3,739.95"	"1,017.45"	"20,14,096"	"5,89,39,78,244.30"	"88,297"
18-Jan-24	EQ	"2,975.55"	"2,985.00"	"2,885.10"	"2,971.05"	"2,925.05"	"2,918.90"	"2,923.25"	"3,739.95"	"1,017.45"	"25,52,342"	"7,46,11,40,978.65"	"1,37,932"
17-Jan-24	EQ	"3,033.00"	"3,045.00"	"2,946.30"	"3,056.50"	"2,978.00"	"2,971.05"	"2,994.68"	"3,739.95"	"1,017.45"	"28,97,218"	"8,67,62,48,061.65"	"1,16,205"
16-Jan-24	EQ	"3,095.00"	"3,104.50"	"3,035.00"	"3,089.50"	"3,059.00"	"3,056.50"	"3,066.60"	"3,739.95"	"1,017.45"	"25,15,564"	"7,71,42,32,714.00"	"81,017"
15-Jan-24	EQ	"3,127.00"	"3,130.00"	"3,067.45"	"3,104.10"	"3,091.30"	"3,089.50"	"3,095.46"	"3,739.95"	"1,017.45"	"14,07,007"	"4,35,53,39,346.30"	"66,077"
12-Jan-24	EQ	"3,096.35"	"3,125.00"	"3,068.20"	"3,080.90"	"3,105.40"	"3,104.10"	"3,100.07"	"3,880.00"	"1,017.45"	"17,95,933"	"5,56,75,09,144.40"	"81,003"
11-Jan-24	EQ	"3,120.00"	"3,129.00"	"3,065.00"	"3,098.20"	"3,084.00"	"3,080.90"	"3,089.22"	"3,880.00"	"1,017.45"	"20,08,103"	"6,20,34,81,301.70"	"82,014"
10-Jan-24	EQ	"3,024.00"	"3,112.00"	"3,020.05"	"3,014.60"	"3,107.80"	"3,098.20"	"3,077.75"	"3,880.00"	"1,017.45"	"35,90,297"	"11,05,00,48,556.25"	"1,46,816"
09-Jan-24	EQ	"2,990.70"	"3,068.80"	"2,980.00"	"2,963.50"	"3,024.95"	"3,014.60"	"3,029.63"	"3,880.00"	"1,017.45"	"28,85,706"	"8,74,26,14,470.70"	"1,24,090"
08-Jan-24	EQ	"3,020.00"	"3,027.00"	"2,952.95"	"3,006.60"	"2,965.00"	"2,963.50"	"2,990.76"	"3,880.00"	"1,017.45"	"18,49,061"	"5,53,01,00,075.95"	"77,114"
05-Jan-24	EQ	"3,009.95"	"3,066.90"	"2,981.10"	"2,998.30"	"3,009.00"	"3,006.60"	"3,026.08"	"3,880.00"	"1,017.45"	"32,19,949"	"9,74,38,25,898.60"	"1,25,926"
04-Jan-24	EQ	"3,039.40"	"3,044.45"	"2,990.00"	"3,003.00"	"2,996.00"	"2,998.30"	"3,011.56"	"3,880.00"	"1,017.45"	"29,75,620"	"8,96,12,46,158.70"	"1,22,929"
03-Jan-24	EQ	"3,047.00"	"3,199.00"	"2,955.60"	"2,932.40"	"3,005.00"	"3,003.00"	"3,060.56"	"3,880.00"	"1,017.45"	"1,97,25,411"	"60,37,08,40,646.55"	"7,62,896"
02-Jan-24	EQ	"2,922.00"	"2,948.20"	"2,841.00"	"2,917.20"	"2,931.00"	"2,932.40"	"2,903.97"	"3,880.00"	"1,017.45"	"26,71,368"	"7,75,75,72,526.85"	"1,16,025"
01-Jan-24	EQ	"2,852.30"	"2,947.00"	"2,842.05"	"2,848.95"	"2,902.85"	"2,917.20"	"2,914.54"	"3,880.00"	"1,017.45"	"28,98,619"	"8,44,81,46,788.55"	"1,16,403"
29-Dec-23	EQ	"2,823.90"	"2,863.30"	"2,802.85"	"2,809.90"	"2,849.05"	"2,848.95"	"2,838.38"	"3,898.00"	"1,017.45"	"15,07,086"	"4,27,76,89,534.20"	"65,085"
28-Dec-23	EQ	"2,855.00"	"2,867.35"	"2,800.10"	"2,843.35"	"2,816.90"	"2,809.90"	"2,818.51"	"3,898.00"	"1,017.45"	"41,02,912"	"11,56,40,85,525.15"	"1,08,070"
27-Dec-23	EQ	"2,880.70"	"2,894.80"	"2,833.60"	"2,865.45"	"2,846.00"	"2,843.35"	"2,854.23"	"3,898.00"	"1,017.45"	"16,98,325"	"4,84,74,07,216.00"	"96,864"
26-Dec-23	EQ	"2,817.00"	"2,893.75"	"2,800.10"	"2,808.35"	"2,877.05"	"2,865.45"	"2,859.55"	"3,898.00"	"1,017.45"	"20,48,484"	"5,85,77,41,774.50"	"1,24,764"
22-Dec-23	EQ	"2,815.95"	"2,847.60"	"2,791.40"	"2,799.75"	"2,806.00"	"2,808.35"	"2,819.62"	"4,190.00"	"1,017.45"	"15,13,956"	"4,26,87,77,915.65"	"76,777"
21-Dec-23	EQ	"2,750.00"	"2,821.95"	"2,725.00"	"2,783.85"	"2,812.90"	"2,799.75"	"2,788.43"	"4,190.00"	"1,017.45"	"26,78,577"	"7,46,90,27,877.10"	"1,39,231"
20-Dec-23	EQ	"2,946.00"	"2,968.00"	"2,766.20"	"2,941.25"	"2,775.00"	"2,783.85"	"2,870.07"	"4,190.00"	"1,017.45"	"34,17,739"	"9,80,91,37,609.45"	"1,71,337"
19-Dec-23	EQ	"2,988.80"	"2,994.35"	"2,915.00"	"2,980.60"	"2,940.00"	"2,941.25"	"2,950.36"	"4,190.00"	"1,017.45"	"17,41,493"	"5,13,80,37,764.30"	"81,742"
18-Dec-23	EQ	"2,993.95"	"3,027.75"	"2,961.10"	"2,991.80"	"2,974.00"	"2,980.60"	"2,993.07"	"4,190.00"	"1,017.45"	"23,15,922"	"6,93,17,28,099.20"	"1,00,133"
15-Dec-23	EQ	"2,912.05"	"3,000.00"	"2,893.90"	"2,894.05"	"2,987.00"	"2,991.80"	"2,962.62"	"4,190.00"	"1,017.45"	"49,21,484"	"14,58,04,86,604.40"	"1,80,486"
14-Dec-23	EQ	"2,900.95"	"2,932.95"	"2,887.00"	"2,875.05"	"2,893.00"	"2,894.05"	"2,908.68"	"4,190.00"	"1,017.45"	"32,24,681"	"9,37,95,61,819.45"	"1,40,194"
13-Dec-23	EQ	"2,860.00"	"2,899.10"	"2,805.00"	"2,857.65"	"2,887.00"	"2,875.05"	"2,854.75"	"4,190.00"	"1,017.45"	"28,05,832"	"8,00,99,40,320.70"	"1,18,936"
12-Dec-23	EQ	"2,869.10"	"2,895.95"	"2,840.55"	"2,855.80"	"2,855.00"	"2,857.65"	"2,864.57"	"4,190.00"	"1,017.45"	"20,17,772"	"5,78,00,40,717.60"	"91,033"
11-Dec-23	EQ	"2,837.05"	"2,919.90"	"2,811.05"	"2,822.15"	"2,862.00"	"2,855.80"	"2,867.92"	"4,190.00"	"1,017.45"	"50,64,123"	"14,52,35,04,974.75"	"2,02,891"
08-Dec-23	EQ	"2,902.70"	"2,927.00"	"2,760.00"	"2,887.15"	"2,829.90"	"2,822.15"	"2,839.19"	"4,190.00"	"1,017.45"	"69,59,428"	"19,75,91,55,358.90"	"2,89,285"
07-Dec-23	EQ	"2,900.00"	"2,945.90"	"2,853.05"	"2,883.95"	"2,892.30"	"2,887.15"	"2,898.60"	"4,190.00"	"1,017.45"	"63,25,887"	"18,33,61,99,561.95"	"2,65,235"
06-Dec-23	EQ	"3,080.00"	"3,154.55"	"2,844.85"	"2,959.35"	"2,893.00"	"2,883.95"	"2,987.51"	"4,190.00"	"1,017.45"	"1,93,55,777"	"57,82,54,83,120.90"	"7,80,601"
05-Dec-23	EQ	"2,531.20"	"2,999.90"	"2,531.20"	"2,531.20"	"2,971.00"	"2,959.35"	"2,804.15"	"4,190.00"	"1,017.45"	"2,28,79,079"	"64,15,64,47,743.80"	"7,53,504"
04-Dec-23	EQ	"2,549.95"	"2,595.00"	"2,487.45"	"2,362.70"	"2,523.00"	"2,531.20"	"2,529.80"	"4,190.00"	"1,017.45"	"56,81,516"	"14,37,30,87,646.70"	"2,26,984"
